id,calmar,pnl,max_dd,sharpe,win_rate,trade_count,avg_ttr,topN,windowDays,f1Anchor,f1Max,w2,w3,f4Boost,maxTtrDays
5332c5181f7b1a56c228add7f7b780aa,4033.0734,195370.22,48.44,2.8694,0.5118,53396,-0.3,5,30,20,5,0.3,1,1,30
f4582898b399422fb59c1c671a58a142,3556.6038,141461.02,39.77,2.2460,0.5056,53582,-0.3,5,30,20,3,0.3,1,1.5,7
46b5b28893afc9f87d79c7045d34be34,3005.5467,162371.52,54.02,2.6878,0.5094,50835,-0.3,5,30,20,5,0.6,0.5,2,7
4bf2fd0c2b4f87c257b4ee1e3088bf08,2581.7199,110732.68,42.89,2.2707,0.5057,53411,-0.3,5,30,20,3,0.3,0.5,2,7
e17c28fb6fd09b781a41acc0f54af482,2556.5016,109651.04,42.89,2.2684,0.5057,53411,-0.3,5,30,20,3,0.3,0.5,1.5,7
9da319b33e92d7e0f2adf85bc7ff9987,2501.0200,134374.43,53.73,2.4130,0.5076,48578,-0.3,5,60,20,5,0,1,1,7
f54bf16b05c0c7aaf61a6847a7724309,2294.8686,95239.29,41.50,2.1599,0.5057,48951,-0.3,5,60,20,3,0,1,1,7
1f473b9f92b4a664ea4ac6710e9b5c3c,2102.0518,165204.43,78.59,2.7158,0.5335,59063,-0.3,5,14,20,5,0.3,1,2,
c8d64f0c270a320b90492801b3d102f7,2012.9714,113023.61,56.15,2.7693,0.5048,53618,-0.3,5,30,20,5,0.3,0,2,14
aca7f89ebe9c19e6aa74563aa7ad3eca,1978.2022,109149.68,55.18,2.6435,0.4875,43880,-0.4,5,30,100,3,0.3,1,1.5,3
6268f6d18c596cc8067725123639e0fd,1919.2486,134248.26,69.95,2.7505,0.5122,49794,-0.3,5,30,500,5,0.6,1,2,7
fbfddb7f7c0a7d38bb12b7af71a9599b,1848.4704,149941.76,81.12,2.7367,0.5098,54210,-0.3,10,60,20,5,0.3,1,1.5,14
a175678321b40f3fa142c3aff750293a,1841.1095,125759.99,68.31,2.5134,0.5069,51904,-0.3,5,30,500,5,0.3,1,2,14
0de4af09954e500bd73d1551c319cb82,1817.3688,120882.39,66.52,2.7717,0.5064,51762,-0.3,5,30,100,5,0.3,0.5,1,14
0b139b4748df3b30b8baa71ff71c4ed4,1817.3688,120882.39,66.52,2.7717,0.5064,51762,-0.3,5,30,100,5,0.3,0.5,1,14
ab3af7381abcb568aba9020510fadada,1732.6957,131909.93,76.13,2.6785,0.5176,50282,-0.3,5,30,500,5,0.6,1,1.5,30
b38182782966eb4a498509803493b09b,1693.6334,122334.50,72.23,2.6855,0.5158,51559,-0.3,5,30,100,3,0.6,1,1.5,30
3bce4a16dd616b7fab89ef29dc489405,1670.5224,105608.95,63.22,2.4066,0.5188,64748,-0.3,5,14,500,5,0.3,1,2,7
d71c4d2f1f3c997fa1b9d67f0b7b76d4,1638.3195,115489.23,70.49,2.5406,0.5219,47065,-0.4,5,14,100,5,0.6,1,1.5,3
aa706407bc06edd78afc8171795c1e79,1630.3199,133473.18,81.87,2.1156,0.5259,44165,-0.4,5,14,20,5,0.3,1,1,3
94dcefd05127bc4242aeb9d475d142b2,1627.2143,99455.46,61.12,2.4479,0.5138,40519,-0.3,5,60,20,3,0.6,1,1,14
2c8a66b66ba78573ae928f8e379683b0,1627.0933,96077.33,59.05,2.4579,0.5224,63883,-0.3,5,14,20,3,0.3,0.5,1,30
02345934f655be52879a8e76e4e16a04,1610.5642,97912.79,60.79,2.1274,0.5185,63912,-0.3,5,14,100,3,0,1,1,7
3564b8a6c527c5d1868e9034393ea1f1,1572.0228,102724.74,65.35,2.6768,0.5173,64641,-0.3,5,14,20,5,0.6,0,1.5,14
9d2da9f077950d44481a24da1d2ca4c5,1570.6672,147757.15,94.07,2.7859,0.4844,47237,-0.2,5,30,20,5,0.6,0.5,2,
93d9d11da034eee100fe78b93be8bdc3,1565.6280,94909.33,60.62,2.2988,0.4886,43446,-0.4,5,30,20,5,0,0,2,3
82440513083525844714f2e9ee9149f7,1539.3328,98005.49,63.67,2.7966,0.5063,51849,-0.3,5,30,100,3,0.6,0.5,2,14
465dda8fa92a956b3ccf619a574a4cb7,1511.0264,111761.58,73.96,2.5698,0.5158,53451,-0.3,10,60,20,3,0.6,1,1,30
de6f77aa516b37489e861e71226dda6f,1508.1513,105779.50,70.14,2.4825,0.5170,65033,-0.3,5,14,100,3,0.3,1,2,14
7bdf4cf38b9839b95b95162753c8c031,1477.5987,121421.90,82.18,2.4158,0.5173,50577,-0.2,10,60,20,3,0,1,1.5,
84672b1346b27e40a4ae90ac77a69043,1455.8332,105104.36,72.20,2.4619,0.4815,53109,-0.2,5,30,20,3,0,0.5,1.5,
954ea0a3af9d53b441452cc980c486f6,1452.5436,117679.32,81.02,2.6466,0.5193,51559,-0.2,10,60,100,5,0.3,1,1,30
11fdd4b43fb1cb70557f2961e8688803,1452.5436,117679.32,81.02,2.6466,0.5193,51559,-0.2,10,60,100,5,0.3,1,1,30
e5203ea813a14aa924685288ad42638b,1446.8917,71236.26,49.23,2.3140,0.5132,40475,-0.3,5,60,20,3,0,0.5,1,30
2e6852d1429bad484fde557e5fd72e73,1431.8059,97216.63,67.90,2.4801,0.5134,40594,-0.3,5,60,20,3,0.6,1,2,30
821f753bf3eb6a1679ef22e6e98e7990,1421.4387,111701.03,78.58,2.7405,0.5015,22083,-0.5,5,60,20,5,0.3,1,1.5,3
b1717c9a36e37faa29b3f3f7d870e7ca,1414.7469,81723.82,57.77,2.6974,0.4865,43672,-0.4,5,30,100,5,0.3,0,2,3
4fec60c3922db0a8ee1f8677a107caf8,1413.1886,89002.24,62.98,2.3847,0.5088,51537,-0.3,5,30,100,3,0,0.5,2,7
1cde2fc81273b8a45019f9eb1eb42929,1386.4005,89500.56,64.56,2.8295,0.5066,51702,-0.3,5,30,100,5,0.3,0,1.5,14
63be6b605240375b5ff35e043b4a0c22,1381.2361,101398.40,73.41,2.4961,0.5123,43168,-0.3,5,60,100,5,0,1,1,30
38a33fee543e34b586c0c7b801bdf3b8,1380.5652,109427.73,79.26,2.5807,0.5198,62318,-0.3,5,14,500,5,0.6,1,1.5,14
084dfe8c57b94356c11fa0cb3833b4a9,1380.0706,105907.70,76.74,2.2634,0.5101,53794,-0.3,10,60,20,3,0.6,1,1,7
37961d3c7dfe49b032f4f264d96f784b,1379.0255,109305.69,79.26,2.5806,0.5198,62321,-0.3,5,14,500,5,0.6,1,1,14
f0ed96a8631b4eafa89c43c41069cf04,1364.0502,111261.49,81.57,2.5116,0.5190,63812,-0.2,20,14,20,5,0.6,1,1.5,14
7a5ce7501aee709f9dccaac0705d360c,1341.0374,107034.49,79.81,2.5644,0.4815,53055,-0.2,5,30,20,3,0.3,0.5,1,
ea77dc8a8a58c8b9d1369f54371b02c6,1328.7291,108043.09,81.31,2.5934,0.5258,61347,-0.3,5,14,500,5,0.6,1,2,30
5539e8fbaa9d01bb545ece6480fbc21c,1324.5491,63718.65,48.11,2.9216,0.4898,46215,-0.4,5,30,100,3,0.3,0,2,3
4463651de9cebd758941b879c8a271a0,1301.3496,89145.85,68.50,2.8072,0.5132,50337,-0.3,5,30,100,5,0.3,0,2,7
aaebb4144fc06f1e653e6a20b86912aa,1291.2677,88710.95,68.70,2.3282,0.5228,63824,-0.3,5,14,500,3,0.3,1,2,30
7a5c45e7c8c27ad831bfabfe86d567ae,1280.3243,109313.81,85.38,2.6183,0.5160,53382,-0.3,10,60,20,5,0,0.5,1,30
309b69540459e0d95c1fbc0dacafb109,1258.7288,90818.57,72.15,2.5841,0.5157,51779,-0.3,5,30,100,3,0.3,0.5,1.5,30
750dc20549d97d294bcf538578a2564f,1247.8692,108972.48,87.33,2.5568,0.5038,70727,-0.3,10,30,20,5,0.3,1,2,14
e6709811ce475dcbcc6583409ed85e87,1226.6611,58847.82,47.97,3.1840,0.4901,46414,-0.4,5,30,100,3,0,0,2,3
6d271781195697514e5ba3e287479490,1226.6611,58847.82,47.97,3.1840,0.4901,46414,-0.4,5,30,100,3,0,0,2,3
f281d991177c9b3b75138cf9cde1b080,1217.1624,100719.75,82.75,2.6147,0.5183,51386,-0.2,10,60,500,5,0.6,1,1,30
57891c641d9e91130a9824d069e4ab6a,1217.1279,72455.25,59.53,2.7053,0.4929,42068,-0.4,5,30,500,5,0.6,0,2,3
200ba1bcf32b4a387bb610c0bc84a292,1203.4142,83096.82,69.05,2.7087,0.5055,51762,-0.3,5,30,500,3,0.6,0.5,1.5,14
1b40fafd8ee9737732e8ed7397ca22e2,1199.8999,86399.47,72.01,2.1576,0.5159,65146,-0.3,5,14,500,3,0,1,1.5,14
c267e888352f6a830aca447b6c45468b,1191.0521,95764.75,80.40,2.4857,0.5214,57436,-0.2,20,30,20,5,0.6,1,2,14
84f82890fd4c115cba65be2d3156b2e1,1153.2567,75256.51,65.26,2.3301,0.5187,63674,-0.3,5,14,100,3,0,0.5,2,7
04457acf9f721c1f1e571448cd26ed36,1132.7487,89345.14,78.87,2.3346,0.5117,63687,-0.2,10,30,20,3,0,1,1.5,
2827da0d56c5fc5fa614f6f1a02343a6,1131.4370,81008.82,71.60,2.4521,0.5189,47769,-0.4,5,14,100,5,0.3,0.5,1,3
c747a787b4b4e6c8bff9b4f7259ed81e,1128.5481,91432.76,81.02,2.5033,0.5251,56328,-0.2,20,30,20,5,0.6,1,1.5,30
621f3eb0df959417629307bb54ac41ed,1127.7038,67344.57,59.72,2.3728,0.5190,63502,-0.3,5,14,20,3,0.3,0,1,7
bdc36052608b04c9cb54d05e2b01e3be,1127.6192,86193.04,76.44,2.3967,0.5159,51637,-0.3,5,30,500,5,0,0.5,1,30
775ed008d77d1bbec38ca8d19509dab4,1119.0457,81199.60,72.56,2.5974,0.5237,64214,-0.3,5,14,100,3,0.6,0.5,1.5,30
520e53d2b4e0e565d5ac024be8b1efa5,1118.9278,92855.65,82.99,2.3886,0.5249,56800,-0.2,20,14,20,5,0.6,1,2,7
0402782abf0c29e59e41e810fc34ede6,1118.1308,76855.85,68.74,2.3352,0.5174,64386,-0.3,5,14,100,3,0,0.5,1.5,14
74a423da4c2dd9bec6880fb93d515b03,1107.3535,76116.01,68.74,2.2502,0.5027,39102,-0.4,10,60,100,3,0.3,1,2,3
5a2889ddc66f12bd071ae4c8cbd855c7,1094.9091,85055.15,77.68,2.6925,0.5107,54139,-0.3,10,60,20,5,0.6,0,1.5,14
a6cc4c8fd336eda117db66f20da40caa,1084.2611,72784.79,67.13,2.7306,0.5128,41237,-0.3,5,60,500,5,0.6,0.5,2,7
0ec2b2599305ea43317462f0ae016f91,1074.5109,82347.01,76.64,2.6363,0.5003,24543,-0.5,5,60,20,5,0,0.5,1.5,3
39614e883ea92891d57da2f41145992a,1069.5201,81493.50,76.20,2.3909,0.5091,54677,-0.3,10,60,20,3,0.3,0.5,1,14
701d6a84ee240e247586674b22818417,1066.3675,82059.78,76.95,2.4146,0.5159,53544,-0.3,10,60,20,3,0.3,0.5,1,30
d0a0e0b63d1aab2f10b19e673c2c6409,1058.2872,72397.53,68.41,2.5591,0.5173,65083,-0.3,5,14,100,5,0.3,0,1,14
1125be373ffd922f5e54900eeb050a5b,1052.4862,94375.76,89.67,2.1368,0.4733,35319,-0.2,5,60,20,5,0.3,0.5,1,
3a03bc4f8565503a39a5a9011f488cc7,1051.6801,96454.40,91.71,2.7166,0.5028,23884,-0.5,5,60,100,5,0.6,1,1.5,3
6d82e46e73857085d7de69a47e3b8381,1043.1165,99995.22,95.86,2.5374,0.5223,46927,-0.2,10,60,100,5,0.6,0.5,2,
9bb6629aa245a47263f421d55b1d0176,1026.1576,95302.53,92.87,2.2701,0.5213,58056,-0.2,20,14,20,5,0.6,1,1,
c0d2c9d3c689516737b053e7cc319c82,1020.8438,70308.12,68.87,2.5741,0.5224,63820,-0.3,5,14,100,5,0.3,0,2,7
592302e27c00d20881828e3e3ad9daf4,1020.5325,89425.19,87.63,2.2126,0.4740,36714,-0.2,5,60,20,5,0,0.5,1.5,
9256f1a506473dae5fd4c5b3bf8fb0d1,1017.4637,83099.28,81.67,2.4572,0.5248,48201,-0.2,20,60,20,5,0.3,1,2,
de9f3a13d4f466325cbc664779ea1e3d,1002.4993,85353.11,85.14,2.2153,0.5095,53868,-0.3,10,60,500,5,0,1,1,14
149e56c5c45ee21424e9138d22252e6b,1000.7066,84972.94,84.91,2.3070,0.5249,57399,-0.2,10,14,20,5,0,1,1,7
4e0396f3c832b1df66e0ad207a186391,993.1141,96261.87,96.93,2.4573,0.4667,31954,-0.2,5,60,20,5,0.6,0.5,1.5,
21d34b7c2112364af88a0ce23887a316,988.9251,70007.45,70.79,2.5168,0.5176,65472,-0.3,5,14,500,3,0.6,0.5,1,14
2fec20e9e84d9c6d9c1e4534a3f4565c,984.0145,67830.23,68.93,2.4259,0.5227,63914,-0.3,5,14,20,3,0.3,0,2,30
64a46d14bbf8455de863dd2ea2f9049b,968.3628,51038.68,52.71,2.2519,0.5141,40472,-0.3,5,60,20,3,0,0,1,14
86ee06100b11cb3ef47b46d211a7e869,955.3509,89993.90,94.20,2.7656,0.4875,49984,-0.2,5,30,100,5,0.6,0,1,
af024aa666d21b02d665f45037fd568d,945.9697,79810.03,84.37,2.2856,0.5182,48478,-0.3,10,60,100,5,0.3,0.5,2,7
0161c41e9b9474476414fa79417faef1,945.9697,79810.03,84.37,2.2856,0.5182,48478,-0.3,10,60,100,5,0.3,0.5,2,7
5f7fa601e19a5e2650fa79c0db7ab858,944.7288,89402.01,94.63,2.2896,0.5143,61776,-0.2,10,30,100,5,0,1,2,
b312b66604843cb6ea4ffdcb203b817e,941.5966,65775.66,69.86,2.4809,0.5087,49427,-0.4,5,14,100,3,0.6,0.5,1,3
4afa33b4ab21bab2c2ec6529b4e40f4d,939.1294,68049.06,72.46,2.6443,0.4987,24765,-0.5,5,60,20,5,0.6,0,2,3
dbdc285272eb40a14310e2707588e344,938.2324,67461.83,71.90,2.1661,0.5146,44307,-0.3,5,60,500,3,0,1,1,30
842b59d1b54cab57f321d0ddf43265f5,906.6198,85670.77,94.49,2.6052,0.4881,50423,-0.2,5,30,100,3,0.3,0.5,1.5,
360453a6c319d989555993c2c7c3dde5,901.2594,61151.06,67.85,2.4491,0.5107,42420,-0.3,5,60,100,3,0.3,0.5,2,7
14f33c670f8cc0f0f3fd9022019082d2,890.7496,74970.10,84.17,2.6190,0.5186,51464,-0.3,10,60,500,5,0.6,0.5,2,30
fcef69ed858808ef9cdc5364fcdedc41,878.1741,48689.08,55.44,2.3555,0.4952,26919,-0.4,5,60,100,5,0,0,1,3
7b65a9ce84b3f192c6a1dbb8add58493,871.2487,56921.72,65.33,2.5091,0.5220,64019,-0.3,5,14,500,5,0.3,0,2,7
dcc52d415b7d63586c57a9357be48587,868.3139,56532.89,65.11,2.4241,0.5169,40301,-0.3,5,60,20,3,0.6,0,1,30
7d84918c5c7e47efc1dafc041cb30bae,856.1847,81872.33,95.62,2.5870,0.4762,36706,-0.2,5,60,100,5,0.6,0.5,2,
14686fd345814847467aec73d4ece4e6,855.4958,60652.49,70.90,2.2880,0.5148,38277,-0.4,10,60,20,5,0.3,0,1,3
2ea841ddac0a88e063a6696128178cc0,854.5950,62637.60,73.30,2.5770,0.5057,51706,-0.3,5,30,500,5,0,0,2,14
ed66e106440806674d380d916b6225a3,850.7921,61456.42,72.23,2.4264,0.5204,39079,-0.3,5,60,100,3,0.3,0.5,2,30
bb0b59f55e8257d003a46d8502e15388,840.2471,81227.26,96.67,2.4658,0.4663,31699,-0.2,5,60,500,5,0.6,1,2,
ef93428fb8ac52bf4b43830c2c9abf6c,837.3168,70129.47,83.76,2.3881,0.5094,53281,-0.3,10,60,500,5,0.3,0.5,1,14
0c1208fcae31309a6e6337ee0d83623c,833.9103,61388.93,73.62,2.6162,0.5168,51634,-0.3,5,30,100,3,0,0,1.5,30
f2044feedff90817c46baabb375f7ab8,831.2425,63882.55,76.85,2.2732,0.5231,63864,-0.3,5,14,500,3,0,0.5,2,30
08e23156f8e3f64e6e3d6c5be92ac528,828.2315,58246.08,70.33,2.5992,0.5058,51835,-0.3,5,30,500,3,0.3,0,1,14
32c9b1a0c9bb574cd6c654cfa6990de5,824.1319,71889.84,87.23,2.3253,0.5074,63712,-0.2,10,30,100,5,0,1,2,14
d36a005cb1726a2b390cb3d7921fb099,809.5415,58668.92,72.47,2.2714,0.5200,38551,-0.3,5,60,100,3,0,0.5,1,30
ac5fe9993307c4b34ce1bc39cda3e2f4,808.4281,64676.98,80.00,2.3576,0.5293,55943,-0.2,20,60,20,5,0.6,0.5,1.5,7
862ce5078fc3fec26d499f68d36fa64c,802.6102,65182.01,81.21,2.3583,0.5282,56423,-0.2,20,14,20,5,0.6,0.5,2,7
2ee838d976c856987775daa87b30510c,801.6123,70802.16,88.32,2.3066,0.5134,46909,-0.4,10,30,100,5,0.3,1,1.5,3
7ae62c108cdd1a8f1983f91c13a44403,800.4464,63093.81,78.82,2.5058,0.5238,63871,-0.3,5,14,100,5,0,0,1,30
56d1c769a87850fafd165960bfabba54,799.0668,50444.50,63.13,2.2246,0.5115,42734,-0.3,5,60,500,3,0,0.5,2,7
ac12ac7b8d493798d330607f2f89bb00,773.5564,61996.59,80.14,2.4271,0.5274,54221,-0.2,10,14,500,5,0.6,1,2,30
06405249410982a5ec90380730cb25b6,770.9807,62223.86,80.71,2.3714,0.5277,54375,-0.2,10,30,20,5,0.6,0.5,1,7
d6d11c2bb21f7bc0ee419fe3bdc92bf3,768.4577,60611.82,78.87,2.2562,0.5224,49902,-0.2,20,30,20,3,0,1,2,
24c6a8f8f13a18706f1f5a48548fbddc,766.5705,60786.86,79.30,2.1387,0.5248,56094,-0.2,20,30,20,3,0.3,1,1.5,7
1cec007bf8229a0eb3faeabd1202f05d,762.0834,61141.46,80.23,2.4915,0.5313,51623,-0.2,10,30,20,5,0.6,0.5,2,30
bc4166222735e98ca115f83bdbdf4e7f,760.2465,69984.28,92.05,2.3077,0.5201,48969,-0.2,10,60,20,3,0.6,0,1,
8ed70cfbb553049e4c23ab2d8c9a1482,757.6517,60374.30,79.69,2.1971,0.5116,53652,-0.3,10,60,100,3,0,0.5,1,7
15738fefbeaca4c86d3d804255bb3d7b,736.9974,61963.78,84.08,2.2736,0.5273,56247,-0.2,20,60,20,5,0.3,0.5,1.5,7
6ee21287c433830053457c1e7cac69a5,731.8322,38387.75,52.45,2.3347,0.4977,29449,-0.4,5,60,100,3,0,0,1.5,3
7d4e1986297986b5e4874f7a08d3a40a,728.3705,69064.78,94.82,2.3726,0.5224,47885,-0.2,10,60,500,3,0.6,0.5,1.5,
357fd3154885d66040350cac9d0d69e5,726.0582,61319.85,84.46,2.3884,0.5412,50469,-0.2,20,30,500,5,0.6,1,1.5,7
3106b9176a18c438cc7c5002d6dc9a14,721.1094,68101.87,94.44,2.4620,0.5391,57490,-0.2,5,14,100,5,0.3,0,2,
8e5fb5fbc7bb5e07facc8f52096f7f1c,710.9218,59183.90,83.25,2.3150,0.5234,49479,-0.2,20,60,20,3,0.3,1,2,
8c6700974f6f3673721652b16bc57a09,710.7752,62731.62,88.26,2.1790,0.5171,52461,-0.3,10,60,500,5,0,0.5,2,30
921e0385d855f19732a68982041fbae0,708.5174,61723.59,87.12,2.3826,0.5215,57892,-0.2,10,14,20,5,0,0.5,2,14
407bcd69c6a7049e6453a3b9d06fb183,704.8136,56965.86,80.82,2.3517,0.5165,53576,-0.3,10,60,20,3,0.3,0,1,30
8cc2e1f7aff347b086157f136254b4d5,704.4270,68133.79,96.72,2.1731,0.4741,35922,-0.2,5,60,500,5,0,1,2,
9a8f3ea010040d771f960154bc4bccb3,703.7698,47277.88,67.18,2.4580,0.5197,64865,-0.3,5,14,500,3,0.3,0,1.5,7
16c94966ba78239b976da1be1eb8ab69,687.7897,58713.50,85.37,2.2356,0.5272,55101,-0.3,10,30,20,5,0,0.5,1.5,7
ef5d35c5c96780dd76e7ef056ee9b402,684.0645,65123.95,95.20,2.4013,0.4774,37771,-0.2,5,60,500,3,0.3,1,1.5,
b5213a4cb7d13b15fdea003b8c3f39f9,677.2741,56068.83,82.79,2.4145,0.5124,52809,-0.3,10,60,500,5,0.6,0,1,14
b6193aa9f3accdb66518e16abda099de,674.4549,55835.44,82.79,2.4131,0.5124,52824,-0.3,10,60,500,5,0.6,0,1.5,14
412fb74fde374ed7a1f3754a29e6872a,660.4226,53173.11,80.51,2.2625,0.5013,45317,-0.4,10,30,500,5,0,1,1.5,3
8aacf2b9943b0ae416e5b43d11954d8d,656.1858,53619.11,81.71,2.2739,0.5161,53588,-0.3,10,60,20,3,0,0,1.5,30
822295db616bfe020d90a867cdc78664,651.9121,47323.46,72.59,2.4390,0.5115,45591,-0.4,5,14,100,3,0.6,0,1,3
15f0ccdd4ae5e8e3d474c5748b829003,640.1426,56432.77,88.16,2.1340,0.5067,64087,-0.2,10,30,500,5,0,1,2,14
973e9ad0959f552cf8cd5fef75775515,638.3962,53652.71,84.04,2.2780,0.5228,57690,-0.2,10,30,100,3,0.3,1,1.5,30
747bd5eb415ce587334348820e3fb333,638.3962,53652.71,84.04,2.2780,0.5228,57690,-0.2,10,30,100,3,0.3,1,1.5,30
74db9e3e65374e88c74da0e0f592877f,622.2672,42141.99,67.72,2.4496,0.5072,43780,-0.3,5,60,100,3,0,0,2,14
3b7aa324d93c53b436e6a12fed3cad88,613.4694,51614.63,84.14,2.3328,0.5287,54274,-0.2,20,60,100,3,0.6,1,1.5,30
12ef961250714cf9c53fcfa62394b019,611.9548,53899.36,88.08,2.0969,0.5176,52781,-0.3,10,60,500,3,0,0.5,2,30
8f3272ee50b4dee12425586adf07301e,602.6231,53447.16,88.69,2.1811,0.5220,58056,-0.2,10,30,500,5,0,1,2,30
2c6d14ba77690105318a8c33ad62f1c1,602.1055,46012.59,76.42,2.5690,0.5193,45772,-0.4,20,60,500,3,0.6,1,1.5,3
3aea6d22ae5f0d5a3981c93d4e44d694,600.3815,51787.62,86.26,2.1954,0.5194,59759,-0.2,10,14,100,3,0,1,1,14
03d8829738df61a4e84e9fd4d414c429,597.2157,53598.92,89.75,2.2811,0.5171,52222,-0.3,10,60,100,5,0,0,1.5,30
5c36c85931747d770a69c2044e321891,589.2055,51244.63,86.97,2.1895,0.5231,59136,-0.2,20,30,100,3,0,1,1,30
fcc285804550a3c979a200ce7eda297a,587.4592,46219.79,78.68,2.2644,0.5294,55024,-0.2,20,14,500,3,0.6,1,1.5,7
7dae2efbbda774f18b38ee9678980654,586.3952,54760.18,93.38,2.4228,0.5369,57803,-0.2,5,14,500,5,0.3,0,1.5,
3cdef31e4f9e65c7176a0014c21640a1,580.2369,55509.75,95.67,2.3146,0.4724,34609,-0.2,5,60,100,3,0.3,0.5,2,
e0095a9a4bc252d413cbd26d93dd3849,553.4891,45583.43,82.36,2.1983,0.5180,62910,-0.2,20,14,20,3,0,0.5,1,14
9d4403630a3dab83a28a13f35a4ab4f1,551.7673,52814.32,95.72,2.1793,0.4726,35189,-0.2,5,60,100,3,0,0.5,1,
cde7dc5f1ea50df557f1830e3fa2094c,550.2287,52402.14,95.24,2.1825,0.5243,47482,-0.2,10,60,500,3,0.6,0,1.5,
52b002783e08e3cf197a281860a48427,529.4979,35353.94,66.77,2.4258,0.5143,42553,-0.3,5,60,500,3,0,0,2,7
2304f955717949302666a6febab6f05e,527.8928,42441.44,80.40,2.1329,0.5252,57170,-0.2,20,30,20,3,0.3,0.5,1,7
0d0c593ecc8dd6b4321ec07cccfdb89c,516.7097,43931.14,85.02,2.1090,0.5245,58695,-0.2,10,14,500,3,0,1,1,30
b664f2b250c6d96a2b19fda502addb32,503.7430,41059.51,81.51,2.3401,0.5084,46728,-0.4,10,30,500,5,0.3,0.5,1.5,3
446b32d37f233ebe0dd08d2a87eac2e1,501.4463,43662.85,87.07,2.1061,0.5184,58993,-0.2,10,30,500,3,0,1,1,30
1e7157451e22ed5929124aac55973651,497.2328,43737.07,87.96,2.0659,0.5173,59515,-0.2,10,30,500,3,0,1,1,14
96b058ad24ab7326b15d2dc9b0e2eaa4,492.1441,45719.18,92.90,2.4445,0.5405,49436,-0.2,5,14,500,5,0,0,2,
9b728929e1081012cbb9f50f0cd99329,489.8037,45657.56,93.22,2.5217,0.5418,49261,-0.2,5,14,500,3,0.6,0,1.5,
a0be53700af904a1bd562ada1d7b936a,440.8433,41143.55,93.33,2.5025,0.4761,37619,-0.2,5,60,500,3,0.6,0,1,
bec500428ce8467c8c0c28c7bc7f9c54,440.0753,41071.88,93.33,2.5041,0.4759,37632,-0.2,5,60,500,3,0.6,0,1.5,
e9aa86ebb2b745830e3ece5d19a3a050,427.9573,34675.69,81.03,2.5132,0.5217,29856,-0.4,20,14,100,5,0.3,1,1,3
583d6a4c8cea73e08541428f6b6d25ea,422.1283,35183.00,83.35,2.2246,0.5296,55485,-0.2,20,30,100,3,0.3,0.5,1,14
54cdec377b54d58987ce6dd9c75d3c8b,422.0376,36085.95,85.50,2.1571,0.5370,52011,-0.3,10,30,500,5,0,0.5,1,7
28ed6fef32253f48470ae1353f2f871c,421.9779,36080.85,85.50,2.1627,0.5371,51939,-0.3,10,30,500,5,0,0.5,1.5,7
dd24b4e1a88286e964dc38dd47f90863,374.7127,35323.98,94.27,2.3499,0.5447,31858,-0.2,20,60,100,5,0.6,1,1,7
dc6d56107be35722cc27bbc344e61ddb,355.1197,30107.74,84.78,2.2111,0.5276,54862,-0.2,20,30,500,3,0.3,0.5,1.5,14
c080c98a37f9e4c2a844112943a12909,334.5485,25089.03,74.99,2.4449,0.5037,30565,-0.4,10,14,500,5,0.6,0.5,2,3
c4431d866a7a351e2953925e737eb421,331.6131,26298.10,79.30,2.4417,0.5201,29428,-0.4,20,14,100,5,0.3,0.5,2,3
4fcbb200c21d457d6a3d1463c0ef9a2f,327.9033,28344.39,86.44,2.1670,0.5252,38572,-0.2,10,14,500,5,0.3,1,1.5,30
cbe54bf37a3e17b3519c99742419d4ca,323.8587,26482.74,81.77,2.2288,0.5244,42180,-0.2,20,14,20,5,0.6,0,1.5,14
76488e042f0e00e748fe0ce161886a3d,306.6806,28095.25,91.61,2.2827,0.5421,33003,-0.2,20,30,100,5,0.6,0.5,1,14
6a4ffdb69250927e66e9a19c7380d854,299.4736,28251.86,94.34,2.3672,0.5235,44096,-0.3,10,60,500,3,0.3,0,1.5,7
a43c1be0024f012c2055ac5c828401d6,298.5846,27026.03,90.51,2.1876,0.5253,37379,-0.2,20,30,500,5,0,1,1.5,30
7d103f8466001409461b36e58aaddf18,298.4222,27288.14,91.44,2.2789,0.5423,33016,-0.2,20,60,100,5,0.6,0.5,1,14
97141998891f0bd159fbaad457f9087b,294.8972,24406.18,82.76,2.1233,0.5319,39398,-0.2,20,60,20,5,0.6,0,1,7
91703c0c89906aa19a46d814e78ddf84,288.7739,24325.90,84.24,2.1855,0.5280,40766,-0.2,20,30,20,5,0.3,0,2,30
ae7fe3b3727fe483a2a19529a0a9996d,287.1839,24296.05,84.60,2.1409,0.5257,38025,-0.2,20,60,500,3,0.6,1,1.5,14
cad4610fe4907a3ce793c76b1e1464c9,277.0434,22721.95,82.02,2.0448,0.5213,37961,-0.2,20,14,500,3,0.3,1,2,7
99d02ab798beaff8bdccc3b97f7dcba7,272.6262,26007.38,95.40,2.4089,0.5368,31552,-0.2,20,30,100,5,0.3,0.5,1.5,14
a0e51ec370c186d85b95c68a58aa298d,267.1498,23150.97,86.66,2.1551,0.5281,38956,-0.2,10,30,20,5,0.3,0,1.5,14
6608db131e78da0e3e346e9be2b403e1,267.0609,23506.15,88.02,2.0950,0.5224,42660,-0.2,20,14,20,5,0,0,1.5,14
e043eaae10cf67dc67308cc9b90420b5,258.6683,19762.45,76.40,2.3600,0.5075,30604,-0.4,20,30,500,3,0.6,0.5,1.5,3
35258e6d03db61f927e402f24b8ab3a2,257.3825,22110.03,85.90,2.0294,0.5256,41734,-0.2,20,14,20,5,0,0,2,7
937674791e87cb34c96a43cf5634e6a5,247.7387,22077.26,89.12,2.1078,0.5263,40301,-0.2,20,14,20,5,0,0,2,30
0f60c9e095639598f76b7fea80641eea,241.3439,20158.18,83.52,2.1496,0.5283,37377,-0.2,10,30,500,3,0.6,0.5,2,14
c6c616bdb36b4f5ee2b4ac5b501d907a,237.0930,18933.51,79.86,2.0802,0.5241,42082,-0.2,10,14,20,3,0.6,0,1,14
8cd0385695159c8a80c7df1d2f1af0c6,236.3856,19975.18,84.50,2.1626,0.5338,35594,-0.2,10,30,500,3,0.6,0.5,1.5,30
c8f17ea8cc39b054467778dce4301413,225.2890,17161.28,76.17,2.3196,0.5031,29016,-0.3,20,60,500,5,0.6,0,1.5,3
efa2cd8bad04e79f6be0511ac6eb6dbb,224.8914,18304.47,81.39,2.0338,0.5228,42486,-0.2,20,14,20,3,0.3,0,1,14
38ab4ec083bb4940a0635416e3205816,219.8221,18019.63,81.97,2.1094,0.5248,40857,-0.2,20,60,20,3,0.6,0,1,30
b693074c66f85c639b09652b0d0105ea,219.0535,18537.20,84.62,2.0820,0.5291,37415,-0.2,10,30,500,3,0.3,0.5,1.5,7
aaddc9b8fabea72b25af3d32ef9ba01d,216.8903,18483.84,85.22,2.0743,0.5238,40581,-0.2,20,14,500,3,0.3,0.5,1,14
24d8a2a4eca1113e27f3dd7c62a91ba8,207.2227,18074.02,87.22,2.1263,0.5276,38857,-0.2,20,14,500,3,0.3,0.5,2,30
7ab60358d5497cecf092af9def29cf44,195.1250,16540.89,84.77,2.0101,0.5234,36645,-0.2,10,14,500,3,0,0.5,1,7
c383391aac2fda7a55a718b3569d9550,193.1680,16206.20,83.90,2.0367,0.5241,38917,-0.2,20,14,20,3,0,0,1.5,30
6edd6ce4d0962c7af1b0219f26d3699a,191.3655,16054.97,83.90,2.0468,0.5241,38801,-0.2,20,14,20,3,0,0,2,30
f14cdf151d0f436854ccacc6572f36d6,190.9272,16018.20,83.90,2.0425,0.5235,38811,-0.2,10,14,20,3,0,0,1,30
0a9278b2e2d8301ca1694caba91f46f3,164.8952,14011.06,84.97,2.0219,0.5245,24051,-0.1,20,60,20,5,0,1,2,
e5b2a5183e052dbe5a82d4a09c0a3e15,149.4879,14270.69,95.46,2.2263,0.5419,33997,-0.2,10,30,100,3,0.3,0,2,
b66483852fba9626a1e6c5a33975adb1,148.9751,12943.28,86.88,2.1102,0.5286,36348,-0.2,20,14,500,3,0.3,0,1,14
58358de2eb15be4b1d39b756a7d96685,135.7892,12307.61,90.64,2.1946,0.5284,34126,-0.2,10,30,500,3,0.3,0,1,14
79a96240e4f12cb986c9b04a10ca3b2f,57.0306,5176.63,90.77,1.8561,0.4927,14849,-0.3,10,60,100,3,0,0.5,2,3
d3b21f15cab0778bd5802bc1f1bd16fe,0.6377,62.41,97.87,1.6242,0.5310,21079,-0.2,10,60,100,5,0,0,2,7
8a6d83e8700a811f2448a68749bfa338,-0.3935,-39.27,99.81,1.3578,0.5327,12999,-0.1,20,14,20,5,0.6,1,2,
3d0929d5a7b53eef963dcc5acfbed5e9,-0.3935,-39.27,99.81,1.3578,0.5327,12999,-0.1,20,14,20,5,0.6,1,2,
2f1ed98cd023adaeb0140e14f40b4341,-0.4425,-43.71,98.78,1.2422,0.5239,22530,-0.1,10,14,20,3,0.6,1,1.5,
736c7a5190e8bf4cbd5cd0344ec88921,-0.8179,-81.20,99.28,1.2759,0.5264,18806,-0.1,10,30,20,3,0.6,1,1.5,
e5d00f559d7cc921745dfddf72bfae7c,-0.8647,-85.40,98.76,1.3377,0.5452,13898,-0.2,20,60,500,3,0.6,1,2,
e82379bf0165759f789cecc85ba6479b,-0.9931,-97.65,98.33,1.7589,0.5171,11171,-0.4,10,60,500,5,0.6,1,1,3
259da86e914e3dbf5fbe82f307b12cc3,-1.0175,-100.97,99.24,1.2095,0.5272,17551,-0.1,10,30,20,3,0.6,0.5,1,
9c47a278192a4234ab0cc44c136b1227,-1.0987,-108.37,98.64,1.2910,0.5299,19609,-0.1,10,14,100,3,0.3,1,1,
6a2f23daea69fcf46e0003a17e3056e4,-1.1254,-110.79,98.44,1.1706,0.5289,20092,-0.1,20,60,500,3,0,1,1,
7a8b7f1cbd5d460818d074f68893b10b,-1.1297,-107.23,94.92,1.0593,0.5216,14964,-0.3,5,14,500,3,0.3,0,1,3
3ef6d19e3624d0c3c63d873ac0904f7f,-1.1460,-114.01,99.49,1.3961,0.5375,19336,-0.1,20,30,100,5,0,0.5,1,
f1ae9c645a1b28a4d4bdad8bc35c0808,-1.2196,-120.95,99.17,1.7928,0.5201,13874,-0.4,10,60,20,5,0.6,0,1.5,3
74834605e5714e4f13ffb9b6a78cfbca,-1.2750,-126.37,99.12,1.2341,0.5287,21388,-0.1,20,60,20,3,0,0,2,
d019c179622e30adec7e7ead8e2f154c,-1.2890,-128.23,99.48,1.3936,0.5387,18515,-0.1,20,60,100,5,0,0.5,1.5,
d5ac8f6d2adc0f3d5454a7e704f08396,-1.3405,-132.54,98.88,1.1815,0.5175,27195,-0.2,20,14,100,3,0,0.5,1,14
50a4c43fcd352ba142125e3a078684f1,-1.3504,-132.32,97.98,1.2788,0.5351,18084,-0.1,20,14,500,5,0,0.5,2,
c0ac865e1e27e23f41ccb1526fd1e2e5,-1.3652,-135.57,99.31,1.1802,0.5478,12197,-0.2,20,30,100,3,0.6,1,2,
65786d76b05195b35f65563f19aa63a3,-1.3858,-136.82,98.73,1.2239,0.5365,17875,-0.1,20,14,100,3,0,0.5,1,
735ceee87268cdf008b1fd737b1f9657,-1.3938,-136.21,97.72,1.2054,0.5415,17086,-0.1,20,14,500,3,0.3,0.5,1.5,
52c32d2257ffaecd92a0c17d462c64c8,-1.4082,-138.94,98.66,1.8044,0.4955,20585,-0.3,20,30,100,3,0,0.5,1.5,3
1da012d8512ae3ad64e6c25854f3d8c3,-1.4243,-140.80,98.85,1.2178,0.5393,17448,-0.1,20,60,100,3,0,0.5,2,
f49d9af3261d2a0381351d9d79daa276,-1.4283,-139.58,97.72,1.1923,0.5447,16941,-0.1,10,14,500,3,0.3,0.5,1,
487e6fcdc79ac598c3c06636e4a2c158,-1.4683,-145.44,99.05,1.3362,0.5260,27973,-0.2,20,60,500,5,0,0,1,14
e625c15818cde8ad87117082ee90af29,-1.4815,-146.24,98.71,1.2242,0.5274,26142,-0.2,10,30,500,3,0,0,2,14
1817ccddfa1f02851993d3a827b01913,-1.5032,-149.51,99.46,0.6288,0.5499,10992,-0.1,20,30,20,5,0.6,0,1,
e10c25c4bde3c4557d949a2c75bc930b,-1.5124,-149.21,98.66,1.0868,0.5388,17539,-0.1,20,30,500,3,0,0.5,1.5,
94c5aa19eabe83d90f9703636057428d,-1.5282,-150.71,98.62,1.2554,0.4912,17311,-0.3,20,30,100,3,0.3,1,1,3
611e8f5238a8d5f38138bbb87cfdac97,-1.5317,-151.39,98.84,1.9599,0.5162,12527,-0.4,10,60,100,5,0.3,1,1.5,3
f8de3be3f9e6b63acae137341e89a1fe,-1.5345,-151.76,98.90,1.0031,0.5236,22156,-0.2,20,60,500,3,0,1,1.5,7
2093e552fe704155e94dc40a17aff919,-1.5540,-153.98,99.09,1.2354,0.5236,29090,-0.2,20,30,500,3,0,0.5,2,7
57736402afeb4b730c8cacf9b9f56af9,-1.5557,-154.08,99.04,1.2517,0.5313,26498,-0.2,20,14,500,3,0.3,0,1.5,30
21eb02430949a90b00a3957d2e271b23,-1.5565,-153.31,98.50,1.0273,0.5407,14212,-0.1,10,30,500,3,0.3,0.5,2,
6e1399944533d59e06b77194580908b6,-1.5915,-157.15,98.75,1.1672,0.5309,24710,-0.2,20,60,500,3,0.6,0,1,7
640929621144eb668abf7d629d804a86,-1.6024,-157.23,98.12,1.1081,0.5088,20331,-0.3,20,30,500,3,0.3,0,1,3
3e4b0afa35bb0b709a9d5fd425cfce76,-1.6024,-159.36,99.45,1.0975,0.5179,24865,-0.2,20,60,20,3,0,1,2,7
7d5412c1879a05fc08e4cb6e6c1b91eb,-1.6036,-157.35,98.12,1.1066,0.5087,20357,-0.3,20,60,500,3,0.3,0,1.5,3
f628066f2e52372f753c283f996f7990,-1.6060,-157.78,98.25,1.1551,0.5326,23430,-0.2,10,14,500,3,0.3,0,2,30
418f22da1fb3e5fb3eaad6514bf84d15,-1.6085,-160.18,99.59,1.5886,0.5105,21516,-0.3,20,14,20,3,0.6,0.5,1.5,3
fbdf55fda78c31d4546a196e682f379c,-1.6228,-160.39,98.84,1.2390,0.5130,14159,-0.3,20,30,20,3,0,1,2,3
f08a9b79d257c847a81cc5ac7895e286,-1.6258,-158.48,97.48,0.9856,0.4969,19563,-0.3,20,60,500,3,0,0,1.5,3
52c760aadba9ff7908b7a0ee6b79c9e0,-1.6293,-161.72,99.26,1.3736,0.5370,21657,-0.2,10,30,100,3,0.6,0.5,1,14
986bcec6d55775a4912a2d49fb0b4d04,-1.6335,-160.89,98.50,0.6506,0.5578,10202,-0.1,10,14,500,5,0.6,0.5,1.5,
7d1afcfac4bd6add9c2f32b6fc27d648,-1.6401,-160.66,97.96,1.0426,0.5085,19371,-0.3,10,14,500,3,0.3,0,1.5,3
3737b5fd0f14236cd022ae0cfc6cff9d,-1.6450,-162.32,98.67,1.3129,0.5384,19421,-0.2,20,30,100,3,0.6,0.5,1,14
b50e360519c2f0300c7ef98fe1516e50,-1.6543,-164.08,99.19,1.1256,0.5269,21965,-0.1,10,14,20,3,0.6,0,1,30
b72f0143d99508dc28ca90de6a1e4ed7,-1.6693,-163.91,98.19,1.2515,0.5379,18799,-0.2,10,14,100,3,0.3,0.5,1,7
4c08f48c35da725977fe90c876c4d873,-1.6842,-162.31,96.37,1.0282,0.4996,13253,-0.3,20,14,100,3,0.6,0,1,3
a8daed9aef867a7da0fc94b7b8b72d4f,-1.6899,-165.30,97.81,1.2727,0.4892,14150,-0.3,10,14,100,3,0,1,2,3
07a7499ca1c2ab47e16dc19366c1a395,-1.6916,-167.02,98.74,1.0150,0.5279,24906,-0.2,20,60,500,3,0,0,2,14
ac8dbeb484dd4b69ff6408d5c33749f8,-1.6976,-165.84,97.69,0.9398,0.5427,15198,-0.2,10,30,100,3,0.3,0,1.5,30
d03d7afe70cc9bd8b94fa188bb0ab6cf,-1.6990,-165.85,97.62,1.0450,0.5370,17931,-0.2,20,14,100,3,0.3,0,1.5,14
8ce5e24d024e13c8292f85885f9470ca,-1.7028,-166.61,97.84,0.7092,0.5412,13596,-0.1,20,30,100,3,0.6,0,1.5,30
a88d79fda464dbc66755ea8d29187936,-1.7044,-169.57,99.49,1.2477,0.5230,27919,-0.2,10,14,500,5,0,0.5,2,7
be45c5788d3a8f78d8720b08c6d67132,-1.7118,-170.25,99.45,1.1674,0.5268,21364,-0.1,20,14,100,5,0,1,1.5,30
2e8102515dcdc5eddc645144f8762b89,-1.7368,-170.82,98.35,1.1547,0.5290,22071,-0.2,10,14,500,5,0,0,1.5,7
3cfb00470c3595a1b70f53ded2c86d60,-1.7481,-173.78,99.41,1.0527,0.5415,18447,-0.2,10,14,500,5,0.6,0.5,1.5,30
ee2e241225f84ad7d72981efeec9d859,-1.7575,-172.67,98.25,1.1929,0.5004,16350,-0.3,10,14,20,3,0.3,0,1,3
5b73a3fbce264e53225d1f26a578a510,-1.7665,-174.16,98.59,0.5911,0.5580,10849,-0.2,20,30,500,5,0.6,0,2,
006e0c33893cdba3da2d8096e3cc8b5e,-1.7719,-174.91,98.71,1.0941,0.5471,14260,-0.1,20,30,100,3,0.6,1,1,7
c86ce74841eebf260bf71119565d0153,-1.7731,-175.34,98.88,1.1750,0.5438,13400,-0.1,10,14,100,5,0.6,0.5,1,30
bfb42e702f3b2d1b2dae884754c50e0f,-1.7796,-176.80,99.35,1.2389,0.5393,22715,-0.2,20,60,500,5,0.6,0,1.5,7
1a6009847720c435c2ae3349e397ad6b,-1.7823,-177.82,99.77,1.4259,0.5394,23901,-0.2,20,14,100,5,0.6,0,1,14
3a14c30d3fb3bfcd00a2fbcc7d7599c6,-1.7842,-175.44,98.33,1.1836,0.5045,12379,-0.3,20,30,100,3,0.6,1,1,3
9479c972106624ee556fecf41763fa07,-1.7879,-176.31,98.61,0.1882,0.5803,8185,-0.1,20,14,100,3,0,0,1.5,
4e7a3a3a5dc91fcc21eb9bd48e2dd835,-1.7886,-177.67,99.34,0.1991,0.5725,8656,-0.2,20,30,100,5,0.6,0,1.5,
86abb4fe354bbf0006fdeefb589874be,-1.7925,-176.53,98.48,-0.0327,0.5690,7755,-0.2,20,14,500,3,0,0,1.5,
d3570e8cbfad5f339f4abcb36058f780,-1.8066,-180.04,99.65,1.3617,0.5436,20089,-0.2,10,30,100,5,0.6,0,1.5,7
f783991a3a4ad6f9f7595a649f76a9d8,-1.8126,-180.26,99.44,1.2599,0.5364,19620,-0.2,10,30,100,5,0.3,0,2,14
f15e413d65df8fdc7b29a8f8bba99018,-1.8130,-179.94,99.25,1.3389,0.5022,17299,-0.3,20,14,100,5,0.3,0,1,3
9e1ed89dcf8a8c3a4c38c906b21f030e,-1.8163,-180.31,99.27,1.5099,0.5152,12009,-0.3,20,14,20,5,0,1,2,3
b7ba0172871b043081e561208564309d,-1.8273,-180.21,98.62,1.3440,0.4987,14892,-0.3,10,14,20,5,0,0,1.5,3
ae287d5e7b630e6e98cf9922b34f3a00,-1.8296,-181.06,98.96,0.1907,0.5716,8346,-0.1,20,14,100,3,0,0,2,
515608b3e3f1b8f69d2331a7d3f1d628,-1.8312,-181.19,98.95,1.5707,0.5328,7999,-0.3,10,14,20,5,0.6,1,1.5,3
45df3f3dc36c0099ff789bd546a51e7a,-1.8321,-180.53,98.54,1.2062,0.5444,16550,-0.2,20,30,100,5,0.3,0,2,7
71792627de05e60fbc16e60dda37614f,-1.8321,-180.53,98.54,1.1703,0.5482,15291,-0.2,20,14,100,5,0.3,0,1,7
ac92b4e2a7cd6415d47cbb794c231480,-1.8379,-177.49,96.57,0.4715,0.5504,4715,-0.4,20,30,20,5,0.6,0.5,1.5,3
520d55fab348e2d64a24735d87ffb777,-1.8535,-184.38,99.48,1.2625,0.4873,18049,-0.3,20,60,500,5,0,1,2,3
5c17586dcdcf37605d69a266f8b0897c,-1.8668,-186.10,99.69,1.2988,0.5409,20575,-0.2,10,30,100,5,0,0.5,2,7
3977225519f0edc54f9a6b5b707cf0d6,-1.8723,-186.23,99.47,1.0677,0.4871,18089,-0.3,20,60,500,5,0,0.5,1.5,3
f8312484824c2ddb53d7344f9c3c963f,-1.8866,-188.47,99.90,1.6857,0.5253,17401,-0.3,10,14,20,5,0.3,1,2,3
9372c01465cdf9a6840d09a53fe04457,-1.9010,-189.53,99.70,1.2389,0.5322,19888,-0.2,10,14,100,5,0,1,1,7
c4139b68e9fe113126c78259c809171e,-1.9010,-189.53,99.70,1.2389,0.5322,19888,-0.2,10,14,100,5,0,1,1,7
b370904cac749734904309d19e9a15e8,-1.9021,-187.48,98.57,0.9784,0.5381,8453,-0.3,10,14,20,5,0.6,0,1.5,3
b1cdf1d5f19d2627d95359ad629dac33,-1.9044,-187.52,98.47,0.9775,0.5348,8365,-0.3,20,30,20,5,0.6,0,1.5,3
96af2d2286fe623242bdfbbf46651b06,-1.9106,-186.24,97.48,1.2221,0.5293,7751,-0.3,20,60,20,5,0.3,0.5,2,3
42e79cdcc7ffcd3e6de31974ddfadad3,-1.9186,-189.50,98.77,1.1068,0.5329,8100,-0.4,10,30,20,5,0.6,0,2,3
406289bca96aea36cf66c59edf48b3ce,-1.9212,-187.84,97.77,1.1955,0.5274,7727,-0.3,20,60,20,5,0.3,0.5,1,3
52994a321d980100d992f3fc5ecb38da,-1.9450,-192.85,99.15,1.4461,0.5306,8387,-0.3,20,60,20,5,0.3,1,1.5,3